Fri Jul 09 15:30:31 BOT 2021,sintomas.SegundaFase,Dolor de pecho,sintomas.PrimeraFase,Tos Seca,sintomas.SegundaFase,Temperatura alta,
Fri Jul 09 15:30:45 BOT 2021,sintomas.PrimeraFase,Diarrea,sintomas.SegundaFase,Dolor de pecho,sintomas.SegundaFase,Temperatura alta,
Fri Jul 09 15:31:49 BOT 2021,sintomas.SegundaFase,Dolor de pecho,sintomas.SegundaFase,Temperatura alta,
Fri Jul 09 15:32:00 BOT 2021,sintomas.PrimeraFase,Diarrea,sintomas.SegundaFase,Temperatura alta,
Fri Jul 09 15:32:16 BOT 2021,sintomas.SegundaFase,Dolor de pecho,sintomas.SegundaFase,Temperatura alta,
Fri Jul 09 15:32:20 BOT 2021,sintomas.PrimeraFase,Diarrea,sintomas.PrimeraFase,Tos Seca,
Fri Jul 09 15:32:27 BOT 2021,sintomas.PrimeraFase,Diarrea,sintomas.SegundaFase,Dolor de pecho,sintomas.PrimeraFase,Tos Seca,sintomas.SegundaFase,Temperatura alta,
Fri Jul 09 15:32:40 BOT 2021,sintomas.SegundaFase,Dolor de pecho,sintomas.PrimeraFase,Tos Seca,sintomas.SegundaFase,Temperatura alta,
Fri Jul 09 15:32:59 BOT 2021,sintomas.PrimeraFase,Diarrea,sintomas.SegundaFase,Dolor de pecho,sintomas.PrimeraFase,Tos Seca,sintomas.SegundaFase,Temperatura alta,
Fri Jul 09 15:33:18 BOT 2021,sintomas.PrimeraFase,Diarrea,sintomas.SegundaFase,Temperatura alta,
